#,Title (Blog Post),Primary Keyword,Affiliate Angle
1,Best AI Copywriting Tools for Bloggers (2025 Guide),best AI copywriting tool for blogs,"Roundup — Jasper, Writesonic, Copy.ai"
2,Jasper vs Copy.ai: Which AI Writer is Best in 2025?,Jasper vs Copy AI comparison,High-converting comparison post
3,10 Cheapest AI Blog Writing Tools (Under $50/Month),cheapest AI blog writing software,Highlight Rytr & Anyword
4,How to Use AI for Copywriting (Step-by-Step),how to use AI for copywriting,Tutorial with tool demos
5,Writesonic vs Jasper: Which AI Tool Wins?,Writesonic vs Jasper detailed review,Affiliate pitch both
6,Best AI Content Generator for Social Media Posts,AI content generator for social media,Show templates → CTA
7,AI Copywriting for Ecommerce Stores (Top 5 Tools),AI copywriter for ecommerce stores,Push Jasper + Copy.ai
8,Free AI Copywriting Tools for Startups (2025),free AI copywriting tool for startups,Upsell to paid versions
9,Best AI Writing Tools for Students (Study Smarter),best AI writing tool for students,Promote Rytr + Jasper student plans
10,ChatGPT vs Jasper vs Copy.ai: Ultimate Showdown,ChatGPT vs Jasper vs Copy AI,Comparison → Jasper/Writesonic affiliate
11,How to Generate Ebooks with AI Tools,how to generate ebooks with AI,Jasper long-form + Writesonic
12,Best AI Tools for Long-Form Content Creation,AI tools for long-form content,Emphasize Jasper + Writesonic
13,Anyword Review 2025: Is It Worth It?,Anyword review,Review post → direct affiliate link
14,7 AI Tools for Script Writing (Reviewed),AI software for script writing,Jasper + Copy.ai + Writesonic
15,Best AI Tool for Email Marketing Copy,AI tool for email marketing,Anyword + Jasper email features
16,Free AI Copywriting Chrome Extensions You Should Try,free AI copywriting chrome extension,Show free → upgrade CTA
17,How Agencies Use AI Writers to Scale Content,best AI writing tool for agencies,Push Jasper business plan
18,Writesonic vs Copy.ai vs Jasper: 2025 Comparison,Writesonic vs Copy AI vs Jasper,Comparison → upsell best
19,Best AI Writer for Product Descriptions (Ecom Case Study),AI writer for product descriptions,Highlight Copy.ai + Jasper
20,"Rytr Review 2025: Pros, Cons, Pricing",Rytr review,Review → Rytr affiliate